Source.Field.Raw,Source.Field.Correct
amity,amity
amityon,amityon
armstrong,armstrong
aus,aus
aus2,aus2
avans,avans
badaniaon,badaniaon
bc,bc
bilgi,bilgi
bogota,bogota
brasilia,brasilia
brookcuny,brookcuny
carleton,carleton
cas,cas
castab,castab
csunorthonline,csunorthonline
doshisha,doshisha
eindhoven,eindhoven
eindhoventab,eindhoventab
elte,elte
eltetab,eltetab
fmkbelgrade,fmkbelgrade
georgefox,georgefox
hawaiion,hawaiion
help,help
henan,henan
hkust,hkust
hkusttab,hkusttab
hunancomp,hunancomp
hunancomp号召,hunancomp
hunancomp号召小弟小妹们填一份吧,hunancomp
hunancomp号召小弟小妹们填一份吧大概半个小时顺便让他们了解心理学的专业测验,hunancomp
isb,isb
isbb,isb
ithaca,ithaca
jmu,jmu
johannesbur,johannesburg
johannesburg,johannesburg
johannesburgother,johannesburgother
johannesburgRegards,johannesburg
jos,jos
josGuys,jos
kenyon,kenyon
koc,koc
krakowon,krakowon
kwazulu,kwazulu
lausanne,lausanne
leuven,leuven
louvain,louvain
loyola,loyola
lse,lse
lund,lund
lundon,lundon
marian,marian
marianipad,marianipad
mariantab,mariantab
mcdanielonline,mcdanielonline
metu,metu
mturk,mturk
mturk_india,mturk_india
munich,munich
munichon,munichon
navarra,navarra
northumbria,northumbria
ntnu,ntnu
ntnucomtw,ntnu
ntnutab,ntnutab
occid,occid
occidtab,occidtab
osnabruck,osnabruck
ouhk,ouhk
ouhktab,ouhktab
padua,padua
pascal,pascal
plu,plu
poitiers,poitiers
potsdam,potsdam
pscio,pscio
psuabington,psuabington
psuabingtontab,psuabingtontab
psualtoona,psualtoona
psumain,psumain
puc,puc
purkyne,purkyne
queensland2,queensland2
radboud,radboud
rio,rio
ritonline,ritonline
rotterdam,rotterdam
salford,salford
sandiegosu,sandiegosu
santiagoon,santiagoon
santiagoon2,santiagoon
seznam,seznam
seznamon,seznamon
simmons,simmons
swps,swps
tamu,tamu
tamucc,tamucc
tanzania,tanzania
tanzaniaon,tanzaniaon
tilburg,tilburg
tilburgcaf,tilburgcaf
tilburgcaf,tilburgcaf
tilburgcomm,tilburgcomm
toronto,toronto
tufts,tufts
ubc,ubc
ubctab,ubctab
ucron,ucron
udd,udd
ufl,ufl
uiuc,uiuc
ulatina,ulatina
umich,umich
unam,unam
uned,uned
unibelgrade,unibelgrade
unibelgradewwwgooglecomwebhpnord,unibelgrade
uniporto,uniporto
unswonline,unswonline
uva,uva
vcu,vcu
vuamsterdam,vuamsterdam
vuw,vuw
washlee,washlee
westernkentucky,westernkentucky
wilfredlaur,wilfredlaur
williampat,williampat
winchester,winchester
wpi,wpi
wroclaw,wroclaw
wroclawon,wroclaw
yale,yale
zhejiang,zhejiang
zhejiang同学们帮教官做个问卷啦8,zhejiang